id,casino,provincia,tipo,titulo,monto,condiciones,rollover,desde,hasta,link,verificada
bplay-registro-pba,bplay,pba,bienvenida,Bono de registro,$25.000,Solo para cuentas nuevas.,,2026-09-01,2026-12-31,https://pba.bplay.bet.ar/promociones,2026-09-24
bplay-200-pba,bplay,pba,deposito,Triplicá tu primer depósito,200% del depósito,Primer depósito de usuarios nuevos.,,2026-09-01,2027-01-01,https://pba.bplay.bet.ar/promociones,2026-09-24
bplay-cashback-pba,bplay,pba,cashback,Viernes de cashback,Hasta $10.000,"Apostá $10.000 en deportes el viernes; si perdés, te devuelven el monto.",,2026-06-01,2027-06-01,https://pba.bplay.bet.ar/promociones,2026-09-24
betwarrior-bienvenida-pba,betwarrior,pba,bienvenida,Bono de bienvenida + 150 giros,Hasta $500.000,Primer depósito.,,2026-09-01,,https://betwarrior.bet.ar/es-ar/promociones,2026-09-25
betwarrior-bienvenida-caba,betwarrior,caba,bienvenida,Bono de bienvenida + 150 giros,Hasta $500.000,Primer depósito.,,2026-09-01,,,2026-09-25
stake-conquista-pba,stake,pba,torneo,Conquistá el casino,Sorteo de $35.000.000,Los premios grandes en juegos nuevos seleccionados suman chances.,,2026-09-15,2026-10-02,https://pba.stake.bet.ar/promotions,2026-09-25
stake-90-pba,stake,pba,deportes,Pago anticipado en el 90',Pago completo,Los goles del tiempo agregado no cuentan para tu apuesta de fútbol.,,2026-08-01,2027-05-31,https://pba.stake.bet.ar/promotions,2026-09-25
playuzu-giros-caba,playuzu,caba,giros,50 giros gratis sin requisito,50 giros de $5,Primer depósito. Lo que ganes con los giros se retira directo.,x0,2026-07-01,,,2026-09-25
playuzu-plus-caba,playuzu,caba,cashback,UZUplus,% de lo apostado,Programa de fidelidad; el reintegro no tiene requisito de apuesta.,x0,2026-01-01,,,2026-09-25
